{
  "packages": [
    {
      "name": "PY32Duino",
      "maintainer": "HalfSweet",
      "websiteURL": "https://arduino.py32.halfsweet.cn",
      "email": "HalfSweet@HalfSweet.cn",
      "help": {
        "online": "https://arduino.py32.halfsweet.cn"
      },
      "platforms": [
        {
          "name": "PY32Duino",
          "architecture": "PY32",
          "version": "0.0.1",
          "category": "Contributed",
          "help": {
            "online": "https://github.com/py32duino/Arduino-PY32"
          },
          "url": "https://github.com/py32duino/Arduino-PY32/releases/download/0.0.1/Arduino-PY32-0.0.1.zip",
          "archiveFileName": "PY32Duino-0.0.1.zip",
          "checksum": "SHA-256:f828b94edf512c2595813a1c6a85accef9f77bb854bbdd83a3c8a2b9237dfcdd",
          "size": "3486278",
          "boards": [
            {
              "name": "PY32F030"
            }
          ],
          "toolsDependencies": [
            {
              "packager": "PY32Duino",
              "name": "xpack-arm-none-eabi-gcc",
              "version": "12.2.1-1.1"
            },
            {
              "packager": "PY32Duino",
              "name": "CMSIS",
              "version": "5.7.0"
            },
               {
                "packager": "PY32Duino",
                "name": "pyocd",
                "version": "0.1.3"
              }
          ]
        }
      ],
      "tools": [
        {
          "name": "xpack-arm-none-eabi-gcc",
          "version": "12.2.1-1.1",
          "systems": [
            {
              "host": "arm-linux-gnueabihf",
              "url": "https://github.com/xpack-dev-tools/arm-none-eabi-gcc-xpack/releases/download/v12.2.1-1.1/xpack-arm-none-eabi-gcc-12.2.1-1.1-linux-arm.tar.gz",
              "archiveFileName": "xpack-arm-none-eabi-gcc-12.2.1-1.1-linux-arm.tar.gz",
              "checksum": "SHA-256:3b4640e299abcf20409f86a123f991acff8111945667364af29b9366ab36a581",
              "size": "222655431"
            },
            {
              "host": "aarch64-linux-gnu",
              "url": "https://github.com/xpack-dev-tools/arm-none-eabi-gcc-xpack/releases/download/v12.2.1-1.1/xpack-arm-none-eabi-gcc-9.3.1-1.3-linux-arm64.tar.gz",
              "archiveFileName": "xpack-arm-none-eabi-gcc-12.2.1-1.1-linux-arm64.tar.gz",
              "checksum": "SHA-256:da01f39df3c5be324c4137287805ba75c89d6364ef7458de31dc4c7f468d5e1d",
              "size": "229769060"
            },
            {
              "host": "i686-mingw32",
              "url": "https://github.com/xpack-dev-tools/arm-none-eabi-gcc-xpack/releases/download/v12.2.1-1.1/xpack-arm-none-eabi-gcc-12.2.1-1.1-win32-x64.zip",
              "archiveFileName": "xpack-arm-none-eabi-gcc-12.2.1-1.1-win32-x64.zip",
              "checksum": "SHA-256:9d9d187d7ba587d1efd014180d12f4bc9d6d65225c24425a9334d08312e1fd2b",
              "size": "259506954"
            },
            {
              "host": "x86_64-pc-linux-gnu",
              "url": "https://github.com/xpack-dev-tools/arm-none-eabi-gcc-xpack/releases/download/v12.2.1-1.1/xpack-arm-none-eabi-gcc-12.2.1-1.1-linux-x64.tar.gz",
              "archiveFileName": "xpack-arm-none-eabi-gcc-12.2.1-1.2-linux-x64.tar.gz",
              "checksum": "SHA-256:c866d6a260833acb30d9b3d36241d781dbfaa5c50affa580e4e57f905167f974",
              "size": "232600081"
            }
          ]
        },
        {
          "name": "CMSIS",
          "version": "5.7.0",
          "systems": [
            {
              "host": "i686-mingw32",
              "url": "https://github.com/stm32duino/ArduinoModule-CMSIS/releases/download/5.7.0/CMSIS-5.7.0.tar.bz2",
              "archiveFileName": "CMSIS-5.7.0.tar.bz2",
              "checksum": "SHA-256:0b04b0f214e483bcc360cda985cddc0de8031714019ceabcda4770d510b82bfe",
              "size": "26151901"
            },
            {
              "host": "x86_64-apple-darwin",
              "url": "https://github.com/stm32duino/ArduinoModule-CMSIS/releases/download/5.7.0/CMSIS-5.7.0.tar.bz2",
              "archiveFileName": "CMSIS-5.7.0.tar.bz2",
              "checksum": "SHA-256:0b04b0f214e483bcc360cda985cddc0de8031714019ceabcda4770d510b82bfe",
              "size": "26151901"
            },
            {
              "host": "x86_64-pc-linux-gnu",
              "url": "https://github.com/stm32duino/ArduinoModule-CMSIS/releases/download/5.7.0/CMSIS-5.7.0.tar.bz2",
              "archiveFileName": "CMSIS-5.7.0.tar.bz2",
              "checksum": "SHA-256:0b04b0f214e483bcc360cda985cddc0de8031714019ceabcda4770d510b82bfe",
              "size": "26151901"
            },
            {
              "host": "i686-pc-linux-gnu",
              "url": "https://github.com/stm32duino/ArduinoModule-CMSIS/releases/download/5.7.0/CMSIS-5.7.0.tar.bz2",
              "archiveFileName": "CMSIS-5.7.0.tar.bz2",
              "checksum": "SHA-256:0b04b0f214e483bcc360cda985cddc0de8031714019ceabcda4770d510b82bfe",
              "size": "26151901"
            },
            {
              "host": "arm-linux-gnueabihf",
              "url": "https://github.com/stm32duino/ArduinoModule-CMSIS/releases/download/5.7.0/CMSIS-5.7.0.tar.bz2",
              "archiveFileName": "CMSIS-5.7.0.tar.bz2",
              "checksum": "SHA-256:0b04b0f214e483bcc360cda985cddc0de8031714019ceabcda4770d510b82bfe",
              "size": "26151901"
            },
            {
              "host": "all",
              "url": "https://github.com/stm32duino/ArduinoModule-CMSIS/releases/download/5.7.0/CMSIS-5.7.0.tar.bz2",
              "archiveFileName": "CMSIS-5.7.0.tar.bz2",
              "checksum": "SHA-256:0b04b0f214e483bcc360cda985cddc0de8031714019ceabcda4770d510b82bfe",
              "size": "26151901"
            }
          ]
        }
      ]
    }
  ]
}
